0,Julianna Wood,
1,Juliette Morris,
2,Pablo Boyd,
3,Jovanni Romero,
4,Will Bell,
5,Abel Harding,
6,Abril Rush,
7,Dawson McClure,
8,Desmond Holt,
9,Ahmed Gamble,
10,Tristan Holland,
11,Malia Pineda,
12,Baylee Mora,
13,Rishi Wyatt,
14,Alanna Chapman,
15,Abril Hicks,
16,Brennen Bright,
17,Brice Navarro,
18,Alissa Calhoun,
19,Aydan McIntyre,
20,Sariah Hunt,
21,Nathan Travis,
22,Kaleigh Moran,
23,Frankie Ibarra,
24,Cohen Davidson,
25,Jillian Hall,
26,Jenny Knapp,
27,Sullivan Wilkinson,
28,Bailee Morales,
29,Davian Ford,
30,Pablo McGee,
31,Elena Riddle,
32,McKinley Richards,
33,Emmett Stephenson,
34,Regan Haas,
35,Quinton Odonnell,
36,Sheldon Hernandez,
37,Ismael Bates,
38,Enrique Sampson,
39,Leticia Hernandez,
40,Luz Holloway,
41,Ulises Wells,
42,Shea Yang,
43,Caylee Vega,
44,Heather Woodard,
45,Alan Wong,
46,Jaden Burch,
47,Virginia Hoffman,
48,Nehemiah Quinn,
49,Pedro Hendrix,
50,Solomon Moyer,
51,Will Rocha,
52,Oliver Carter,
53,Amelie Osborne,
54,Sharon Griffith,
55,Wayne Robertson,
56,Victoria Hood,
57,Keenan Serrano,
58,Clay Spence,
59,Abbigail Mejia,
60,Alyssa Charles,
61,Danielle Chase,
62,Jaycee Esparza,
63,Juliette Stephens,
64,Kamila Nunez,
65,Alejandro Montoya,
66,Maddox Ibarra,
67,Dax Hicks,
68,Savion Johnston,
69,Marlie Hanna,
70,Keely Ewing,
71,Tate Singh,
72,Yaritza Griffin,
73,Athena Goodwin,
74,Brayan Contreras,
75,Selah Curtis,
76,Wendy Kidd,
77,Kadin Powell,
78,Javion Gilmore,
79,Leonel Buck,
80,Jax Jacobson,
81,Marley Kirby,
82,Deon Young,
83,Rodney Cantu,
84,Ellen Atkins,
85,Davon Boyle,
86,Eddie Burch,
87,Gianni Blanchard,
88,Camila Oneill,
89,Reagan Chen,
90,Dylan Davies,
91,Blake Ellis,
92,Franklin Stout,
93,Donna Graves,
94,Humberto Bright,
95,Shelby Fry,
96,Amber Leblanc,
97,Abigail Kirk,
98,Zoey Chang,
99,Hassan Stevens,
100,Reece Kidd,
101,Alexandra Arroyo,
102,Savanna Hodges,
103,Corey Meyer,
104,Wilson Love,
105,Matteo Wilcox,
106,Celeste Adams,
107,Angelique Grant,
108,Carson Brennan,
109,Camille Short,
110,Rudy Harvey,
111,Caylee Peterson,
112,Tatiana Ross,
113,Camilla Hall,
114,Hayley Summers,
115,Misael Good,
116,Kaylin Potter,
117,Adelyn Flowers,
118,Giselle Woodward,
119,Levi Rowe,
120,Zoe Simmons,
121,Cristina Velasquez,
122,Jamarion Johns,
123,Austin Hubbard,
124,Allison Werner,
125,Annalise Dickson,
126,Damarion Owen,
127,Camila Shaffer,
128,Simon Figueroa,
129,Tabitha Keith,
130,Mike Fritz,
131,Daniella Beasley,
132,Larry Lindsey,
133,Philip Beard,
134,Esmeralda Rivers,
135,Martha Hensley,
136,Paloma Spencer,
137,Joslyn Moyer,
138,Aldo Schultz,
139,Zechariah Stark,
140,Laci Stephens,
141,Keagan Thomas,
142,Demarcus Newman,
143,Billy Cabrera,
144,Donna Rivera,
145,Noemi Stout,
146,Bella Richmond,
147,Destiney Thompson,
148,Finnegan Zamora,
149,Elaine Hess,
150,Aniya Massey,
151,Heather Holmes,
152,Sophie Daniels,
153,Carlee Dalton,
154,Pierce Frost,
155,Fernando Osborn,
156,Kolten McDaniel,
157,Neil Morse,
158,Kristian Hardin,
159,Harley Mooney,
160,Rylee Carson,
161,Leo Wilkinson,
162,Ada Hodges,
163,Janae Conley,
164,Sergio Andersen,
165,Eden Bush,
166,Jacey Terrell,
167,Makenzie Koch,
168,Rose Espinoza,
169,Cory Hughes,
170,Viviana Small,
171,Alicia Mueller,
172,Gretchen Arellano,
173,Anthony Bright,
174,Brady Maynard,
175,Lia Hays,
176,Viviana Haney,
177,Marlie Dorsey,
178,Lilly Bowen,
179,Jenny Marquez,
180,Ireland Harvey,
181,Austin Snyder,
182,Penelope Cobb,
183,Alexus Suarez,
184,Harley Richardson,
185,Jovanni Cowan,
186,Ashly Hamilton,
187,Natalee Vaughan,
188,Caylee Murphy,
189,Weston Austin,
190,Niko Hayes,
191,Arturo Herman,
192,Lucia Bautista,
193,Luciana Fields,
194,Madelyn Thomas,
195,Felipe Thomas,
196,Ashley Weaver,
197,Lane Olson,
198,Keaton Blackburn,
199,Miguel Hahn,
200,Roberto Yu,
201,Sasha Kirby,
202,Nathaly Pena,
203,Moshe Hogan,
204,Nathanael Lang,
205,Arianna Williamson,
206,Jeffery Santana,
207,Miracle Roman,
208,Araceli Moyer,
209,Tripp Sutton,
210,Esteban Tapia,
211,Eleanor Williamson,
212,Ella Irwin,
213,Sara Huynh,
214,Hana Franklin,
215,Elliana Osborn,
216,Morgan Hull,
217,Jaylee Stone,
218,Edward Williamson,
219,Donavan Roberson,
220,Charlie Woods,
221,Alannah Kline,
222,Carina Ellison,
223,Annabella McKenzie,
224,Alberto Marquez,
225,Lizbeth Lambert,
226,Brenna Hogan,
227,Marlee Whitehead,
228,Audrina Cain,
229,Adam Fox,
230,Jakob Cabrera,
231,Riley McFarland,
232,Donald Donaldson,
233,Karen Church,
234,Braydon Chandler,
235,Rashad Rosales,
236,Luna Watson,
237,Jessie Larsen,
238,Rohan Bowen,
239,Amaya Nicholson,
240,Wyatt Rodgers,
241,Saniyah Cruz,
242,Scarlet Bean,
243,Benjamin Miles,
244,Shayna Coleman,
245,Linda Gamble,
246,Dayami Bridges,
247,Cailyn Larson,
248,Mohamed Herman,
249,Niko Adams,
250,Leonardo Sawyer,
251,Gideon Cunningham,
252,Hassan Glover,
253,Jacey Hooper,
254,Gaige Cervantes,
255,Trinity Hess,
256,Nathaniel Murphy,
257,Aubrie Poole,
258,Shawn Gray,
259,Joseph Hicks,
260,Keagan Galloway,
261,Lilia Archer,
262,Catherine Dyer,
263,Ishaan Molina,
264,Lamar Gonzales,
265,Bryanna Snyder,
266,Turner Richardson,
267,Madisyn Huff,
268,Aryan Ferrell,
269,Jaiden Chaney,
270,Linda Crane,
271,Patricia Welch,
272,Carl Snyder,
273,Ace Bowers,
274,Baylee Gay,
275,Elle Guerrero,
276,Lorena Duke,
277,Melody Murillo,
278,Karley Sanders,
279,Jonathan Golden,
280,Lamont Cook,
281,Darrell Fernandez,
282,Ronald Harding,
283,Braydon McDonald,
284,Elyse Glenn,
285,Gustavo Pruitt,
286,Spencer Ewing,
287,Jairo Dawson,
288,Antwan Shannon,
289,Alfonso Webb,
290,Allisson Chen,
291,Victor Hess,
292,Ishaan Greene,
293,Rodrigo Vincent,
294,Michelle Boyer,
295,Jordon Giles,
296,Kaden Fry,
297,Kiley Hayden,
298,Sanaa Valencia,
299,Gunner Osborn,
300,Damien Ferguson,
301,Heaven Roberson,
302,Leslie Heath,
303,Bella Pena,
304,Henry Sosa,
305,Kiana Sloan,
306,Madeleine Higgins,
307,Keon Middleton,
308,Cornelius Dudley,
309,Trenton Walton,
310,Alan Frey,
311,Adrianna Short,
312,Eliza Navarro,
313,Bridget Howard,
314,Ainsley Hoffman,
315,Quinn Short,
316,Lexi McConnell,
317,Kira Wagner,
318,Natalie Roman,
319,Brooklyn Foster,
320,Lucy Esparza,
321,Jocelyn Cruz,
322,Makai Davidson,
323,Janiah Savage,
324,Colin Miller,
325,Tristin Kramer,
326,Jane Powers,
327,Gabriela Finley,
328,Trinity Ward,
329,Lana Orozco,
330,Kirsten Ballard,
331,Jayda Warren,
332,Amirah Baldwin,
333,Ulises Bruce,
334,Terrell Lynn,
335,Miya Hoover,
336,Jaeden Esparza,
337,Valentin Lutz,
338,Madyson Chen,
339,Frankie Hernandez,
340,Caleb Howe,
341,Mohammad Delgado,
342,Antonio Holland,
343,Kash Valencia,
344,Sydnee Avila,
345,Porter Baxter,
346,Paxton Rasmussen,
347,Lucas Benson,
348,Baron Fields,
349,Haiden Marquez,
350,Damien Russo,
351,Gianni Fuentes,
352,Sharon Kent,
353,Milagros Stafford,
354,Maverick Wagner,
355,Chloe Whitney,
356,Raiden Lam,
357,Turner Parks,
358,Jaidyn Farley,
359,Lance Middleton,
360,Aliya Baldwin,
361,Hector Massey,
362,Leon Henry,
363,Nyasia Lowery,
364,Nora Kaufman,
365,Allisson Montgomery,
366,Jeffrey Farley,
367,McKenzie Serrano,
368,Gabriella Underwood,
369,Dania Nash,
370,Jordyn Ruiz,
371,Walter Randolph,
372,Lexi Miranda,
373,Talan Fox,
374,Abdiel Steele,
375,Carter Robertson,
376,Lilyana Wolfe,
377,Lilah Oliver,
378,Chaim Wyatt,
379,Averi Allison,
380,Stacy Hampton,
381,Tyrese Bauer,
382,Britney Ashley,
383,Atticus Harrington,
384,Moses Navarro,
385,Barrett Sawyer,
386,Marc Reed,
387,Romeo Mitchell,
388,Terry Holt,
389,Brody Holder,
390,Sage Lewis,
391,Charlie Avery,
392,Urijah Serrano,
393,Marques Dunn,
394,Marianna Black,
395,Peyton Santiago,
396,Charles Deleon,
397,Kareem Garrison,
398,Elyse Pittman,
399,Selena McNeil,
400,Gillian Patterson,
401,Ellie Marsh,
402,Gaven Gomez,
403,Thaddeus Horn,
404,Amanda Myers,
405,Lyric Underwood,
406,Billy Smith,
407,Shania Tate,
408,Lorena Meza,
409,Nyla Miranda,
410,Anderson Prince,
411,Antoine McGrath,
412,Marc Lyons,
413,Jaelynn Jennings,
414,Cody Knapp,
415,Rogelio Cochran,
416,Andrew Hickman,
417,Rhett Wiggins,
418,Deangelo Good,
419,Anya Valentine,
420,Khalil Morgan,
421,Aidan Williams,
422,Kendall Le,
423,Cynthia Chambers,
424,Amber Shah,
425,Julian Copeland,
426,Zoe Shea,
427,Precious Boone,
428,Corinne Mullins,
429,Katelynn Trujillo,
430,Parker Harrison,
431,Jane Doyle,
432,Braiden Hull,
433,Cara Holloway,
434,Kyson Barnett,
435,Antonio Lambert,
436,Devyn Fry,
437,Michaela Kidd,
438,Rosa Gardner,
439,Elianna Chambers,
440,Cherish Hays,
441,Tatum Wall,
442,Ramon Klein,
443,Rowan Caldwell,
444,Tabitha Love,
445,Kaia Manning,
446,Emanuel Pace,
447,Matilda Ayers,
448,Sincere Mayo,
449,Emmy Cisneros,
450,Omari Alexander,
451,Jakayla Hood,
452,Eden Meyer,
453,Simone Shelton,
454,Cheyanne Nelson,
455,Jada Hayden,
456,Mariyah Ayers,
457,Bridger Roth,
458,Tyrell Rocha,
459,Justin Jensen,
460,Marlon Herman,
461,Shyann Estes,
462,Johan Fletcher,
463,Anabella Ho,
464,Chandler Strickland,
465,Brendan Hinton,
466,Tatum Horn,
467,Eli Haynes,
468,Maxim Merritt,
469,Harley Ryan,
470,Tessa Gallagher,
471,Ellie Ho,
472,Isaiah May,
473,Colton Jacobson,
474,River Wiley,
475,Jack Abbott,
476,Jonas Malone,
477,Clara Butler,
478,Ronnie Ruiz,
479,Camron Novak,
480,Misael Lindsey,
481,Theresa Strickland,
482,Maren Middleton,
483,Tiara Chase,
484,Rene York,
485,Porter Flores,
486,Graham Griffin,
487,Mario Ritter,
488,Jaylin Hill,
489,Fletcher Khan,
490,Victor Martinez,
491,Paisley Good,
492,Javion Calhoun,
493,Oswaldo Mercer,
494,Jayden Heath,
495,Lilianna Hanson,
496,Marquise Baird,
497,Marco Murray,
498,Amina Giles,
499,Sarah Salas,
500,River Vaughan,
501,Maryjane Elliott,
502,Carlee Copeland,
503,Collin Cummings,
504,Boston Pittman,
505,Leandro Taylor,
506,Jadyn Bailey,
507,Zachariah Ayers,
508,Estrella Hoover,
509,Carter Ibarra,
510,Adyson Byrd,
511,Stephanie Mendez,
512,Andres Pittman,
513,Aubrie Short,
514,Dayanara Holloway,
515,Trenton Bullock,
516,Aaliyah Howe,
517,Greta Alexander,
518,Deshawn Levy,
519,Carley King,
520,Jorge Walls,
521,Jaylynn Copeland,
522,Evelyn Robbins,
523,Harry Larsen,
524,Diego Morse,
525,Albert Wise,
526,Marcel Sanders,
527,Aileen Woods,
528,Jamie Cervantes,
529,Adrianna Sparks,
530,Maeve Ho,
531,Ximena Pruitt,
532,Addyson Sharp,
533,Kamron Daugherty,
534,Mary Willis,
535,Donovan Casey,
536,Nora Gallegos,
537,Adison Rocha,
538,Diana Becker,
539,Vaughn Donovan,
540,Davin Shah,
541,Rey Graham,
542,Oswaldo Morton,
543,Belen Watts,
544,Liana Figueroa,
545,Elliott Vaughan,
546,Aliyah Hunter,
547,Milton Mann,
548,Mara Gentry,
549,Katherine Tate,
550,Devan Grimes,
551,Joel Hicks,
552,Natalie McCarty,
553,Collin Estrada,
554,Finnegan Savage,
555,Bennett Gibson,
556,Mariam Bentley,
557,Liam Nielsen,
558,Daniela Herring,
559,Ivy Case,
560,Felix Camacho,
561,Kiera Hoffman,
562,Neveah Delacruz,
563,Martha Goodwin,
564,Taniyah Best,
565,Jocelyn White,
566,Keith Riddle,
567,Myles Ritter,
568,Ernest Clarke,
569,Jacquelyn Savage,
570,Lincoln Ross,
571,Tristen Martinez,
572,Ruth Dunlap,
573,Paige Howe,
574,Brendon Gomez,
575,Britney Salinas,
576,Edgar Hill,
577,Janiya Sims,
578,Samson Waller,
579,Makenzie Norman,
580,Brielle Michael,
581,Eddie McCall,
582,April Weber,
583,Maritza Conway,
584,Roland Lopez,
585,Zayne Gibson,
586,Amara Braun,
587,Mekhi Chen,
588,Ezekiel Larson,
589,Jett Cherry,
590,Luciano Tran,
591,Walker Bates,
592,Coleman Pollard,
593,Samuel Rosales,
594,Peyton Duke,
595,Marcus Chan,
596,Antoine Wise,
597,Terrance Barber,
598,Maverick Swanson,
599,Deborah Nixon,
600,Perla Thomas,
601,Kamari Wang,
602,Ainsley Bullock,
603,Anabel Wall,
604,Beau Whitney,
605,Justus Crane,
606,Arthur Davis,
607,Declan Moss,
608,Aarav Lowery,
609,Jair Carr,
610,Semaj Baxter,
611,Guadalupe Cowan,
612,Kelsie Massey,
613,Yoselin Erickson,
614,Jordon Browning,
615,Brady Lara,
616,Monica McKnight,
617,Princess Sawyer,
618,Alondra Hicks,
619,Skyler Castaneda,
620,Hannah Meza,
621,Edith Dominguez,
622,Finley Lucero,
623,Abagail Koch,
624,Jaslyn Copeland,
625,Aaron Ryan,
626,Noel Vasquez,
627,Elijah Santana,
628,Casey Obrien,
629,Anabel Hull,
630,Macey Andrews,
631,Iyana Macias,
632,Joe Sandoval,
633,Linda Barr,
634,Clayton McMahon,
635,Kylie Pope,
636,Cedric Buchanan,
637,Rey Sutton,
638,Sariah Suarez,
639,Omar Holmes,
640,Jaylin Day,
641,Sarah Daugherty,
642,Derrick Guerra,
643,Braxton Hawkins,
644,Sylvia Combs,
645,Tristen McCoy,
646,Alijah Ayala,
647,Abdullah Little,
648,Armando Waters,
649,Clayton Everett,
650,Brenden Dalton,
651,Anthony Leonard,
652,Kolby Hood,
653,Isabell Humphrey,
654,Quinn Murillo,
655,Tyree Sherman,
656,Lexie Solis,
657,Lilliana Tapia,
658,Kiley Blair,
659,Kasey Zhang,
660,Kathy Curry,
661,Kenley Calderon,
662,Tyrell Galvan,
663,Itzel Mooney,
664,Lilah Campos,
665,Charles Winters,
666,Niko Bautista,
667,Carlo Leon,
668,Kira McConnell,
669,Danica Serrano,
670,Zachariah Ritter,
671,Zack Ritter,
672,Terrell Choi,
673,Madelyn Hill,
674,Nikolai Hoffman,
675,Livia Duffy,
676,Elisha Friedman,
677,Izaiah Collins,
678,Donte Rangel,
679,Dalton Hoffman,
680,Makaila Harper,
681,Caleb Collier,
682,Tiffany Cardenas,
683,Emely Pierce,
684,Nia Keller,
685,Felix Alvarado,
686,Reagan Kemp,
687,Lucy Richard,
688,Ernest Briggs,
689,Iyana Mayo,
690,Gisselle Weber,
691,Mason Lamb,
692,Jamar McConnell,
693,Evan Levine,
694,Halle Li,
695,Lana Thompson,
696,Selina Weiss,
697,Natalie David,
698,Tia Avila,
699,Brooklyn McCarthy,
700,Titus Powell,
701,Willie Nunez,
702,Darien Murphy,
703,Jaylin Perkins,
704,Luna Dillon,
705,Zackary Chavez,
706,Carsen Bonilla,
707,Arnav Scott,
708,Kash Fisher,
709,Zander Hunt,
710,Omar Tanner,
711,Quinn Mason,
712,Jordon Huang,
713,Annika Barron,
714,Aiyana Evans,
715,Johanna Bruce,
716,Lillian Potts,
717,Izabella Chavez,
718,Colt Novak,
719,Diya Wilkerson,
720,Jamir Stephens,
721,Ansley Spence,
722,Cali Barron,
723,Rodney Curry,
724,Zion Benson,
725,Oliver Lee,
726,Mason Fisher,
727,Averi Williams,
728,Iris Jensen,
729,Esteban Sloan,
730,Madeleine Escobar,
731,Ryder Andrews,
732,Abdullah Gentry,
733,Elisha Murphy,
734,Makenzie Perez,
735,Audrina McCoy,
736,Stella Zamora,
737,Declan Salinas,
738,Haven Avila,
739,Sofia Downs,
740,Miles Cannon,
741,Emmy Gonzales,
742,Kennedy Beard,
743,Kennedy Liu,
744,Quinn Jacobson,
745,Janiyah Chavez,
746,Jazlynn Juarez,
747,Katelyn Barrera,
748,Evan Morton,
749,Ariella Griffith,
750,Maverick Oconnor,
751,Luke Cantu,
752,Litzy Schaefer,
753,Wayne Lester,
754,Jamari Gutierrez,
755,Karter Barton,
756,Isaias Khan,
757,Oswaldo Downs,
758,Fatima Perry,
759,Porter Duran,
760,Taylor Hendrix,
761,Adrian Strickland,
762,Lillianna McClure,
763,Elianna Armstrong,
764,Graham Krueger,
765,Alexandra Bender,
766,Cristal Hayes,
767,Zachary Lutz,
768,Edgar Heath,
769,Aracely Orr,
770,Gregory Avery,
771,Jesse Randall,
772,Kyler McCarty,
773,Judith Vang,
774,Reynaldo Chase,
775,Carleigh Lindsey,
776,Nasir Dougherty,
777,Anderson Eaton,
778,Annabella Schroeder,
779,Freddy Bernard,
780,Clay Hicks,
781,Leonidas Kirby,
782,Deandre Guzman,
783,Alex Brock,
784,Tori Bonilla,
785,Maximo Bell,
786,Michelle Daniel,
787,Emanuel Foster,
788,Celia Madden,
789,Devyn English,
790,Sandra Davis,
791,Paisley Raymond,
792,Eleanor Richard,
793,Kayden Miller,
794,Wyatt Sherman,
795,Nia Kline,
796,Precious Espinoza,
797,Zackery Hampton,
798,Abigayle McCullough,
799,Brody Montoya,
800,Kade Vaughan,
801,Kaylyn Stout,
802,Bridget Hurst,
803,Clarence Farley,
804,Lola Grant,
805,Mercedes Macias,
806,Romeo Pacheco,
807,Sarahi Choi,
808,Addison Simmons,
809,Marlee Simon,
810,Michelle Beltran,
811,Nathaniel Quinn,
812,Siena Gonzales,
813,Jorge Pittman,
814,Sanaa Padilla,
815,Tessa Clay,
816,Armando Duran,
817,Elliot Barker,
818,Kamren Raymond,
819,Kira Watkins,
820,Irene Barry,
821,Azaria Maynard,
822,Isaias Spence,
823,Madalynn Watkins,
824,Natalie Dominguez,
825,Elle Kirby,
826,Adalyn Blackburn,
827,Payten Parker,
828,Jaxson Santiago,
829,Lindsay Cordova,
830,Emmanuel Martinez,
831,Lola McIntosh,
832,Jax Booth,
833,Alissa Lowery,
834,Shaniya Christian,
835,Lilyana McCoy,
836,Kai Obrien,
837,Gracie Moore,
838,Emmett Roman,
839,Kayla Lin,
840,London Santos,
841,Diya Pope,
842,Deandre Burgess,
843,Kenna Velazquez,
844,Marilyn Ashley,
845,Leticia Garrett,
846,Precious Kim,
847,Dereon Ritter,
848,Slade Gamble,
849,Parker Ray,
850,Tucker Underwood,
851,Kayden Acevedo,
852,Pierce Chandler,
853,Marie Terrell,
854,Anabelle Rasmussen,
855,Abbey Marks,
856,Heather Orr,
857,Joselyn Carroll,
858,Chelsea Collins,
859,Elias Clements,
860,Zara Coleman,
861,Brian Ward,
862,Ashanti Ray,
863,Joslyn Kirby,
864,Scarlett Steele,
865,Kingston Kaufman,
866,Brooklyn Steele,
867,Brielle Mercado,
868,Javon Benitez,
869,August Stark,
870,Camila Blackwell,
871,Neil Benjamin,
872,Cullen Mullen,
873,Carla Taylor,
874,Grayson Cameron,
875,Mireya Frost,
876,Levi Gonzales,
877,Ayana Kirby,
878,Marisa Cochran,
879,Van Luna,
880,Marely Trevino,
881,Jonas Stokes,
882,Alejandro Gay,
883,Jaiden Atkinson,
884,Sawyer McGrath,
885,Kamden Yang,
886,Pablo Herring,
887,Hayden Blair,
888,Francesca Conrad,
889,Holden Mathews,
890,Max Chan,
891,Giorgio Kelley,
892,Pranav McDowell,
893,Olivia Cortez,
894,Rodolfo Moran,
895,Abbey Mosley,
896,Alvaro Wright,
897,Alonso Knapp,
898,Jeremiah Wyatt,
899,Shyla Hutchinson,
900,Dulce Faulkner,
901,Lane Martinez,
902,Carlee Hensley,
903,Mattie Frey,
904,Morgan Lester,
905,Kai Bailey,
906,Everett Ferguson,
907,Dwayne Singh,
908,Raphael Williams,
909,Anika Silva,
910,Aldo Durham,
911,Ashly Horton,
912,Matilda Barnes,
913,Kieran Harding,
914,Rishi Ford,
915,Kameron Stein,
916,Shane Lowe,
917,Sergio Rollins,
918,Teagan Cherry,
919,Lilah Carey,
920,Adrian Hahn,
921,Brynlee Thornton,
922,Rafael Levy,
923,Kamari Dennis,
924,Dawson Butler,
925,Rocco Foley,
926,Nayeli Perkins,
927,Jamar Rivers,
928,Samir Ayers,
929,Abigail Gomez,
930,Kade Roth,
931,Dante Davenport,
932,Howard Gilmore,
933,Kevin Cline,
934,Nikolai Hays,
935,Leon Lozano,
936,Ansley Steele,
937,Haley Ball,
938,Jagger Rodgers,
939,Leandro Harrell,
940,Zaid Orr,
941,Julia Neal,
942,Xiomara Flores,
943,Trevin Watson,
944,Devon Rivas,
945,Alana Goodman,
946,Sydnee Fox,
947,Demetrius Farley,
948,Messiah McIntosh,
949,Iliana Pacheco,
950,Jordon Charles,
951,Adrianna Lewis,
952,Kristina Reese,
953,Branson Mejia,
954,Casey Mejia,
955,Slade Hatfield,
956,Zara Coffey,
957,Scott Barnes,
958,Kendall Decker,
959,Valery McDonald,
960,Rogelio Guzman,
961,Maryjane Hanna,
962,Octavio Dawson,
963,Seamus Floyd,
964,Amiah Hendrix,
965,Sophie Preston,
966,Alina Short,
967,Lexie Kirk,
968,Jada Flores,
969,Carly Flynn,
970,Kamden Rivera,
971,Luz Lloyd,
972,Imani Woods,
973,Martha Salas,
974,Jarrett Pierce,
975,Kaylin Collier,
976,Livia Huang,
977,Terrell Jacobson,
978,Jazmine Kane,
979,Ronin McClure,
980,Dillan Shields,
981,Davon Pugh,
982,Ulises Moreno,
983,Janiya Key,
984,Alessandra Curtis,
985,Laura Arnold,
986,Bethany Hendrix,
987,Jadyn Joseph,
988,Aryan Stanton,
989,Felicity Welch,
990,Enzo Stout,
991,Malaki Lambert,
992,Reynaldo Clements,
993,Josue Martinez,
994,Dangelo Walker,
995,Iris Dickerson,
996,Kailey Richmond,
997,Marlon Swanson,
998,Rogelio Webb,
999,Mattie Gardner,
1000,Gunnar Villarreal,
1001,Savannah Hess,
1002,Skyla Gallegos,
1003,Nathen Ware,
1004,Julissa Powell,
1005,Romeo Chang,
1006,Tristian Ryan,
1007,Breanna Mathews,
1008,Diana Carpenter,
1009,Cristopher Henry,
1010,Orlando Irwin,
1011,Juliette Le,
1012,Corinne McKay,
1013,Laylah Curtis,
1014,Aidan McLean,
1015,Tiara Fields,
1016,Douglas Esparza,
1017,Jaylin Gill,
1018,Karlie Copeland,
1019,Kayley Pham,
1020,Jamarion Chung,
1021,Rylie Bernard,
1022,Hadley Weber,
1023,Aliyah Christian,
1024,Genesis Cole,
1025,Jalen Willis,
1026,Porter Santana,
1027,Isla McIntyre,
1028,Brandon Short,
1029,Martha Burnett,
1030,Meredith Fitzpatrick,
1031,Miley Weaver,
1032,Stephen Conrad,
1033,Mia Harrison,
1034,Kason Gross,
1035,Malakai Hawkins,
1036,Titus Wilson,
1037,Shayna Gilbert,
1038,Broderick Villa,
1039,Shelby Wilkins,
1040,Van Higgins,
1041,Emerson Hansen,
1042,Harley Bullock,
1043,Lilyana Hoffman,
1044,Trevor McCall,
1045,Alena Baldwin,
1046,Lina McPherson,
1047,Gabriela Barrera,
1048,Madeleine Duffy,
1049,Elijah Ryan,
1050,Neveah Hill,
1051,Jadon Koch,
1052,Mireya Moran,
1053,Kaylyn Castro,
1054,Dangelo Petty,
1055,Adyson Dorsey,
1056,Maeve Fisher,
1057,Dana Hall,
1058,Shane Miles,
1059,Jameson Buck,
1060,Nathanial Gomez,
1061,Aliyah Booker,
1062,Scarlett Bruce,
1063,Nia Frederick,
1064,Abdiel Krueger,
1065,Jadyn Fry,
1066,Bryanna McKinney,
1067,Alaina Cherry,
1068,Myah Huang,
1069,Kaila Gross,
1070,Aryan Jennings,
1071,Kamron Little,
1072,Izabelle Gill,
1073,Jonathon Shaw,
1074,Araceli Odom,
1075,Tyrell Avila,
1076,Timothy Bell,
1077,Enrique Villarreal,
1078,Aurora Thompson,
1079,Kimberly Gallegos,
1080,Rory Briggs,
1081,Kayleigh Sheppard,
1082,Jazmine Kelly,
1083,Jaylen Castro,
1084,Lorelai Cobb,
1085,Kassidy Norton,
1086,Demarcus Russell,
1087,Anthony Wall,
1088,Brielle Dickson,
1089,Arthur Holden,
1090,Jefferson Joyce,
1091,Nigel Vaughan,
1092,Rhianna Myers,
1093,Cristal Guzman,
1094,Felicity Patel,
1095,Mitchell King,
1096,Lawrence Coffey,
1097,Denzel Boone,
1098,Janessa Myers,
1099,Jackson Alexander,
1100,Jimmy Oconnell,
1101,Linda Choi,
1102,Mariah Rosales,
1103,Dayton Douglas,
1104,Nickolas Oneill,
1105,Calvin Hampton,
1106,Zoe Wells,
1107,Conor Webb,
1108,Desirae Lane,
1109,Cael Davila,
1110,Davis Villanueva,
1111,Angel Hunter,
1112,Emely Hanna,
1113,Hadley Aguilar,
1114,Kennedy McKnight,
1115,Raul Francis,
1116,Madden Drake,
1117,Darion Newman,
1118,Izaiah Barry,
1119,Eddie Bowman,
1120,Ernest Baird,
1121,Jett Bennett,
1122,Griffin Zimmerman,
1123,Desiree Roach,
1124,Kadin Ashley,
1125,Gustavo Cochran,
1126,Jairo Ellison,
1127,Rosa Stanley,
1128,Sydney Rangel,
1129,Alannah McKenzie,
1130,Allen Michael,
1131,Angelo Harrell,
1132,Maya Huffman,
1133,Erin Kirby,
1134,Eva Moses,
1135,Miley Petty,
1136,Mia Wang,
1137,Maximo Heath,
1138,Tucker Hale,
1139,Clayton Woodard,
1140,Caitlin Ortega,
1141,Karly Frazier,
1142,Dale Dodson,
1143,Jordon Reed,
1144,Kieran Sheppard,
1145,Tanner Hess,
1146,Dillan Thomas,
1147,Evelin Best,
1148,Jovanni Goodwin,
1149,Cruz Odom,
1150,Trystan Griffin,
1151,Quinten Floyd,
1152,Mireya Bryant,
1153,Alden Escobar,
1154,Clark Brock,
1155,Nikhil Callahan,
1156,Noah Scott,
1157,Bradley Durham,
1158,Jaxon Barajas,
1159,Yadiel Paul,
1160,Jolie Stein,
1161,Saniyah Ingram,
1162,Ashleigh Obrien,
1163,Aaden Graves,
1164,Zaiden Hawkins,
1165,Haiden Bell,
1166,Julian Donovan,
1167,Amari Cantu,
1168,Payton Scott,
1169,Natalya Crawford,
1170,Jose Browning,
1171,Wyatt Anthony,
1172,Magdalena Allen,
1173,Kaitlyn Farmer,
1174,Martin Dalton,
1175,Moses Sloan,
1176,Sofia Bryan,
1177,Davin McGee,
1178,Bronson Dunn,
1179,Maci French,
1180,Tyson Strickland,
1181,Mohammad Hayden,
1182,Deon Potts,
1183,Gary Glass,
1184,Caden Austin,
1185,Tristan Small,
1186,Josie Hoffman,
1187,Rylie Lester,
1188,Nylah Melton,
1189,Joyce Shepherd,
1190,Kailey Atkins,
1191,Darryl Haney,
1192,Laurel McKee,
1193,Clarissa Atkins,
1194,Jean Frey,
1195,Landen McConnell,
1196,Clara Small,
1197,Frederick Powell,
1198,Sage Barker,
1199,Lucy Flynn,
1200,Eden Garrison,
1201,Kadyn Harris,
1202,Harrison Murray,
1203,Tyree Jackson,
1204,Irvin Yoder,
1205,Savannah Alvarez,
1206,Laylah Lopez,
1207,Adam Miranda,
1208,Willie Hendrix,
1209,Cecelia Bird,
1210,Rafael Hill,
1211,Christina Olson,
1212,Abagail Compton,
1213,Kale Blackburn,
1214,Bryanna Salas,
1215,Jakobe Hernandez,
1216,Conrad Cross,
1217,Violet Reese,
1218,Paxton Maddox,
1219,Cristian Franklin,
1220,Coby Campos,
1221,Riya Brock,
1222,Diego Esparza,
1223,Raymond Fowler,
1224,Amira Ballard,
1225,Landyn Long,
1226,Reginald Merritt,
1227,Raven Briggs,
1228,Amara Cline,
1229,Blaine Singh,
1230,Natalie Duke,
1231,McKenzie Branch,
1232,Sidney Gilbert,
1233,Krista Malone,
1234,Hassan Charles,
1235,Abril Best,
1236,Yadira Moss,
1237,Edgar Spencer,
1238,Abigail Lang,
1239,Davis Saunders,
1240,Leon Sharp,
1241,Alexandria Chase,
1242,Elaine Powers,
1243,Amirah Ali,
1244,Jaylyn Gregory,
1245,Mercedes Jennings,
1246,Veronica Stephens,
1247,Bryanna Kent,
1248,Conor Howard,
1249,Kaitlyn Chan,
1250,Armani Kelley,
1251,Ciara Collier,
1252,Ryder Johnston,
1253,Rose Marks,
1254,Colten Myers,
1255,Haven Taylor,
1256,Keaton Short,
1257,Meghan Phillips,
1258,Pranav Castro,
1259,Melany Lutz,
1260,Carl Farmer,
1261,Ann Keith,
1262,Francesca Barker,
1263,Rayna Sutton,
1264,Lane Schneider,
1265,Jamir Ray,
1266,Violet Walsh,
1267,Samuel Koch,
1268,Trinity Mayo,
1269,Will Williams,
1270,Jazlene Baker,
1271,Belinda Travis,
1272,Kayleigh Hamilton,
1273,Yaretzi Sawyer,
1274,Louis Cervantes,
1275,Charity Cowan,
1276,Quincy Miranda,
1277,Natalya Goodwin,
1278,Orion Rogers,
1279,Zaid Rios,
1280,Santiago Horne,
1281,Addison Kerr,
1282,Milagros McKay,
1283,Addison Ibarra,
1284,Karissa Contreras,
1285,Kadin Webster,
1286,Cara Freeman,
1287,Adrien McKnight,
1288,Drew Berger,
1289,Guadalupe Vaughn,
1290,Brooke Phillips,
1291,Quincy Huber,
1292,Reynaldo Oliver,
1293,Alvaro Hutchinson,
1294,Evie Dennis,
1295,Emilia Hughes,
1296,Aileen Adkins,
1297,Vincent Dominguez,
1298,Yair Castillo,
1299,Jesse Dillon,
1300,Abel Pearson,
1301,Josh Morrow,
1302,Jaqueline Dodson,
1303,Ava Burton,
1304,Landyn Ryan,
1305,Rachael Fleming,
1306,Janelle Osborn,
1307,Tabitha Green,
1308,Matias Maynard,
1309,Kaitlyn Cortez,
1310,Easton Eaton,
1311,Johnathan Small,
1312,Jordin Campbell,
1313,Jack Salinas,
1314,Vivian Bradford,
1315,Ada Price,
1316,Gustavo Monroe,
1317,Azaria Becker,
1318,Mohammed Choi,
1319,Kendal Cooley,
1320,Sam Cohen,
1321,Natalia Sanchez,
1322,Hamza Joseph,
1323,Charlize Vang,
1324,Aaron Houston,
1325,Clare Vaughn,
1326,Kayla Fisher,
1327,Elisabeth Clements,
1328,Javier Leach,
1329,Evangeline Perkins,
1330,Shyanne Baldwin,
1331,Shyanne Weiss,
1332,Evie Stewart,
1333,Amiah Green,
1334,Adyson Gallagher,
1335,Elsie Franklin,
1336,Tiara Joseph,
1337,Ryland Cameron,
1338,Jan Ward,
1339,Jakob Mata,
1340,Gustavo Oliver,
1341,Manuel Dickerson,
1342,Angeline Henson,
1343,Jax Small,
1344,Sierra Fischer,
1345,Hayden Nelson,
1346,Jeffrey Morgan,
1347,Nickolas Briggs,
1348,Allison Sharp,
1349,Javier Sawyer,
1350,Raymond Mayo,
1351,Royce Bradley,
1352,Ayanna Harrington,
1353,Kaleb Gillespie,
1354,Ashtyn Whitehead,
1355,Alden Werner,
1356,Sterling Simon,
1357,Francesca Guerra,
1358,Dalton Arroyo,
1359,Tianna Ruiz,
1360,Emma Bruce,
1361,Simeon McCullough,
1362,Adrien McKenzie,
1363,Bailey Bolton,
1364,Andrea Carr,
1365,Ernest Blackburn,
1366,Rocco Graves,
1367,Jeremy Neal,
1368,Rosemary Vega,
1369,Hanna Summers,
1370,Trenton Faulkner,
1371,Humberto Duke,
1372,Nathaniel Bridges,
1373,Elizabeth Graham,
1374,Shea Rosario,
1375,Martha Savage,
1376,Londyn Quinn,
1377,Jarrett Young,
1378,Amari Nolan,
1379,Alonso Hurst,
1380,Trevor Lambert,
1381,Kingston Gamble,
1382,Reilly Valentine,
1383,Paloma Harrison,
1384,Xiomara Hernandez,
1385,Jolie Hunter,
1386,Asia Kerr,
1387,Mylie Franklin,
1388,Lennon Cordova,
1389,Edward Sparks,
1390,Hannah Hickman,
1391,Aryanna Spears,
1392,Callie Mathews,
1393,Oswaldo Warren,
1394,Abbigail Singh,
1395,Jakayla Meza,
1396,Kali Wall,
1397,Mara Kaufman,
1398,Ciara Garrison,
1399,Kaya Thompson,
1400,Nataly Murillo,
1401,Peyton Riggs,
1402,Diya Dennis,
1403,Aaron Jacobson,
1404,Imani Herring,
1405,Alanna Horne,
1406,Dallas French,
1407,Rubi McBride,
1408,Yaritza Blair,
1409,Rudy Erickson,
1410,Gustavo Bailey,
1411,America Shields,
1412,Darius Brady,
1413,Briley Crawford,
1414,Yandel Knox,
1415,Denzel Whitaker,
1416,Karley Glass,
1417,Nick Kemp,
1418,Paityn Hampton,
1419,Katelynn McCarthy,
1420,Myah Cameron,
1421,Mia House,
1422,Julian Sims,
1423,Devyn Carney,
1424,Jayda Cuevas,
1425,Jorge Hurst,
1426,Bruce Allison,
1427,Rohan Glover,
1428,Ezra Marsh,
1429,Autumn Petty,
1430,Erin Martinez,
1431,Cailyn Ferguson,
1432,Clayton Lindsey,
1433,Faith Zavala,
1434,Darion Myers,
1435,Erik Lara,
1436,Memphis Bridges,
1437,Cassandra Holloway,
1438,Bianca Colon,
1439,Jamie Bautista,
1440,Pamela Foster,
1441,Yosef Olsen,
1442,Daniel Payne,
1443,Valentina Dennis,
1444,Jaidyn Meyer,
1445,Abagail Grimes,
1446,Jayvion Ferrell,
1447,Miranda McCoy,
1448,Aspen Buchanan,
1449,Lawson Wilcox,
1450,Braydon Reese,
1451,Jan Johns,
1452,Samantha Burke,
1453,Viviana Richardson,
1454,Avah Ochoa,
1455,Natalie Donaldson,
1456,Kelsey Lyons,
1457,Elsie Jensen,
1458,Joanna Golden,
1459,Evelyn Rollins,
1460,Zackery Camacho,
1461,Hope Lee,
1462,Elyse Dyer,
1463,Catalina Hendrix,
1464,Harper Humphrey,
1465,Joselyn Khan,
1466,Anderson Reynolds,
1467,Luna Strickland,
1468,Azul Webster,
1469,Ashtyn Vincent,
1470,Frances Acosta,
1471,Deegan Myers,
1472,James Goodman,
1473,Rene Whitaker,
1474,Ronald Whitehead,
1475,Ashlee Harper,
1476,Bryce Barker,
1477,Sydnee Paul,
1478,Blake Wong,
1479,Hector Parrish,
1480,Mia Galloway,
1481,Royce Cisneros,
1482,Paisley Rose,
1483,Abel Giles,
1484,Ben Duke,
1485,Zack Dunn,
1486,Ireland Wiley,
1487,Jennifer Davila,
1488,Marcos Beard,
1489,Kale Andersen,
1490,Helena Shah,
1491,Rosa Lester,
1492,Mya Kaiser,
1493,Braelyn Ferrell,
1494,Jacquelyn Black,
1495,Dereon Cooke,
1496,Brenton Wood,
1497,Jamir Weeks,
1498,Aileen McCarty,
1499,Aurora Barnett,
1500,Pierce Wu,
1501,Billy Maynard,
1502,Russell Fisher,
1503,Kenya Huber,
1504,Gwendolyn Hardin,
1505,Elizabeth Haynes,
1506,Yasmin Richards,
1507,Bella Stein,
1508,Zachery McKnight,
1509,Sonny Jensen,
1510,Kamari McKinney,
1511,Karli Gibbs,
1512,Rene Guzman,
1513,Blake Walter,
1514,Hailey Haney,
1515,Kiersten Sullivan,
1516,Aubrey Peck,
1517,Gwendolyn Warren,
1518,Deven Warren,
1519,Kingston Pennington,
1520,Case Alvarado,
1521,Darren Barton,
1522,Eva Hancock,
1523,Tobias Carey,
1524,Lorenzo Montoya,
1525,Rogelio Mayer,
1526,Jalen Rowe,
1527,Kaiya Marquez,
1528,Jamie Ibarra,
1529,Dean Black,
1530,Emery Goodman,
1531,Rogelio Little,
1532,Itzel Cooley,
1533,Arianna Bryant,
1534,Melina Chaney,
1535,Esmeralda Hall,
1536,Willow Ellis,
1537,Saul Bautista,
1538,Hassan Haas,
1539,Caiden Santana,
1540,Pranav Brennan,
1541,Solomon Archer,
1542,Beckham Proctor,
1543,Sebastian Byrd,
1544,Ignacio McClure,
1545,Natasha Moran,
1546,Landyn Stafford,
1547,Dylan Nielsen,
1548,Lamar Harper,
1549,Zayden Cross,
1550,Jermaine Hendricks,
1551,Jerry Sparks,
1552,Cecelia Patterson,
1553,Haiden Abbott,
1554,Dylan Pollard,
1555,Heidy Ferguson,
1556,Cristian Holmes,
1557,Josiah Dalton,
1558,Gabriella Dickerson,
1559,Terrance Mosley,
1560,Ayden Chandler,
1561,Emilie Conner,
1562,Janiyah Hebert,
1563,Luca Perez,
1564,Corinne Velazquez,
1565,Beckett Newton,
1566,Oswaldo Fitzpatrick,
1567,Lydia Hansen,
1568,Macey Logan,
1569,Kamren McKinney,
1570,Justice Travis,
1571,Aden Savage,
1572,Joyce Stephenson,
1573,Cherish Franco,
1574,Alfred Zhang,
1575,Erika Stewart,
1576,Rodney Everett,
1577,Emerson Elliott,
1578,Madeline Sherman,
1579,Shea Hancock,
1580,Billy Cobb,
1581,Kali Wallace,
1582,Bruno Glover,
1583,Emerson Evans,
1584,Kaylee Velazquez,
1585,Jose Vang,
1586,Abbie Barber,
1587,Ahmed Guzman,
1588,Luz Collins,
1589,Lilian Ferrell,
1590,Elise Melton,
1591,Kolby Tucker,
1592,Nathan Chavez,
1593,Jaelynn Khan,
1594,Roselyn Barton,
1595,Juan Byrd,
1596,Yoselin Dodson,
1597,Jaquan Dennis,
1598,Heather Mathis,
1599,Khloe McIntyre,
1600,Kale Walker,
1601,Ronnie Petersen,
1602,Carissa Savage,
1603,Kinsley Brewer,
1604,Makai Winters,
1605,Jimena Bruce,
1606,Alec Bryant,
1607,Anaya Gross,
1608,Miguel Chapman,
1609,Elliott Ferguson,
1610,Emilia Ferguson,
1611,Aurora Keller,
1612,Sydnee Chapman,
1613,Katelynn Burns,
1614,Reagan Hale,
1615,Layton Cross,
1616,Ryleigh Ellis,
1617,Yair Owens,
1618,Roy Ballard,
1619,Lamont Garza,
1620,Madelynn Hess,
1621,Miracle Cuevas,
1622,Harley Guzman,
1623,Jayvon Gaines,
1624,Eliezer Valentine,
1625,Kaila Doyle,
1626,Heath Small,
1627,Kaitlynn Robinson,
1628,Lia Webb,
1629,Phoebe Thornton,
1630,Edwin Allen,
1631,Jolie Beard,
1632,Kolton Harvey,
1633,Kamora Atkins,
1634,Marie Mann,
1635,Chaz Morrison,
1636,Draven Atkins,
1637,Jazlene Bradshaw,
1638,Christina Montes,
1639,Nylah Kelley,
1640,Joel Benson,
1641,Aliza Collins,
1642,Gina Hammond,
1643,Jessie Cooper,
1644,Araceli Robles,
1645,Dangelo Knight,
1646,Mila Stafford,
1647,Moriah Payne,
1648,Kayden Melton,
1649,Gunnar Salazar,
1650,Emily Wolfe,
1651,Marshall Wagner,
1652,Gabriella Reynolds,
1653,Eliana Johnson,
1654,Kaleigh Alvarado,
1655,Kobe Ortiz,
1656,Sabrina Spence,
1657,Ariel Jackson,
1658,Amy Khan,
1659,Cesar Gallagher,
1660,Shaniya Merritt,
1661,Manuel Hood,
1662,Jayden Gamble,
1663,Arianna Moses,
1664,Braedon Camacho,
1665,Jax Hogan,
1666,Paxton Herring,
1667,Alma Palmer,
1668,Izaiah McCullough,
1669,Maci Meyer,
1670,Jonas Bond,
1671,Kaylie Cochran,
1672,Alden Liu,
1673,Spencer Rangel,
1674,Yesenia Osborne,
1675,Luca Bullock,
1676,Connor McKenzie,
1677,Josh Douglas,
1678,Jolie Jacobs,
1679,Maya Frost,
1680,Claudia Gay,
1681,Virginia Heath,
1682,Shyanne Salas,
1683,Alicia Rogers,
1684,Deangelo Miranda,
1685,Zoe Pennington,
1686,Iris Watson,
1687,Jaylah Webster,
1688,Lorelei Allison,
1689,Luciano Santos,
1690,Jaylin Garrett,
1691,Jakob Guzman,
1692,Nadia York,
1693,Jesse McMahon,
1694,Rebekah Erickson,
1695,Melany Craig,
1696,Gerald Simmons,
1697,Freddy Powers,
1698,Litzy Frazier,
1699,Clarissa Chavez,
1700,Ruben Leblanc,
1701,Jaelynn Ingram,
1702,Kamila McKinney,
1703,Eli Merritt,
1704,Alina Osborn,
1705,Cannon Lutz,
1706,Zion Gomez,
1707,Abbigail Cross,
1708,Clarissa Sawyer,
1709,Leilani McDaniel,
1710,Jovanni Martinez,
1711,Santino Austin,
1712,Caitlin McGuire,
1713,Marin Vargas,
1714,Courtney Wang,
1715,Carissa Rios,
1716,Ashlynn Tate,
1717,Marley Welch,
1718,Jaiden Black,
1719,Jordyn Ford,
1720,Tyshawn Murillo,
1721,Kendra Orr,
1722,Cora Farmer,
1723,Heaven Hurst,
1724,Cruz Pruitt,
1725,Aiyana Acosta,
1726,King Mays,
1727,Eric Juarez,
1728,Lilia Hays,
1729,Arthur Tanner,
1730,Deborah Suarez,
1731,Richard Nixon,
1732,Rodney Blair,
1733,Laney Perez,
1734,Brice Gamble,
1735,Janet Hansen,
1736,Annabelle Clayton,
1737,Iris Rasmussen,
1738,Alice McGrath,
1739,Ryleigh Wagner,
1740,Muhammad Bishop,
1741,Marilyn Good,
1742,Kaley Page,
1743,Rohan Mack,
1744,Virginia Ray,
1745,Yair Garrett,
1746,Gianna Estes,
1747,Luke Gallagher,
1748,Janet Webster,
1749,Devin Rivera,
1750,Joy Arias,
1751,Jayleen Ware,
1752,Jagger Sanford,
1753,Owen Krause,
1754,Avah Carroll,
1755,Zion Rasmussen,
1756,Ramiro Cunningham,
1757,Luciano Weaver,
1758,Leilani Barnett,
1759,Jack Rowe,
1760,Kolten Sutton,
1761,Lincoln Wilkinson,
1762,Adison Roach,
1763,Alyssa Downs,
1764,Omar Valencia,
1765,Jaylene Osborn,
1766,Tianna Cisneros,
1767,Maribel Yang,
1768,Riley Daugherty,
1769,Franco Hanna,
1770,Corbin Campbell,
1771,Raul Wood,
1772,Dayanara Smith,
1773,Adelaide Ware,
1774,Kenyon Barry,
1775,Evangeline Malone,
1776,Chad Shields,
1777,Cooper Ashley,
1778,Zaiden Fields,
1779,Dakota Mayer,
1780,Allison Lane,
1781,Jadyn Horne,
1782,Adelaide McKenzie,
1783,Liberty Schwartz,
1784,Madalynn Preston,
1785,Maren Buckley,
1786,Mayra Santiago,
1787,Jennifer Chaney,
1788,Abraham Shannon,
1789,Ethen Sexton,
1790,Braylon Estes,
1791,Janae Costa,
1792,Selah Patrick,
1793,Timothy Browning,
1794,Jaden Keller,
1795,Madison White,
1796,Javier Bradford,
1797,Cyrus Spence,
1798,Rose Warren,
1799,Tyson Bradley,
1800,Jordon Richardson,
1801,Keenan Thompson,
1802,Kasey Berger,
1803,River Cole,
1804,Belinda Petersen,
1805,Raiden Wu,
1806,Isabel Rich,
1807,Ahmed Carrillo,
1808,Akira Rivas,
1809,Karina Bond,
1810,Melvin Rubio,
1811,Mylie Baxter,
1812,Kali Hurst,
1813,Kirsten Hebert,
1814,Vicente Sanchez,
1815,Sterling Huffman,
1816,Sterling Cox,
1817,Makai Miranda,
1818,Gregory Cunningham,
1819,Aryan McCarty,
1820,Jacey Hull,
1821,Matthew Mercado,
1822,Van Estrada,
1823,Skyler Thornton,
1824,Virginia Weeks,
1825,Eden Harvey,
1826,Alivia Rogers,
1827,Leah Henson,
1828,Lawson Kaufman,
1829,Hugo Kaiser,
1830,Camden Davis,
1831,Franklin Cabrera,
1832,Matthias Shepard,
1833,Devyn Parsons,
1834,Patricia Thornton,
1835,Micah Kline,
1836,Bridget Lopez,
1837,Tyrone Bartlett,
1838,Camden Sloan,
1839,Glenn McDaniel,
1840,Raquel McFarland,
1841,Ashlyn Hopkins,
1842,Rylie Bright,
1843,Jazmin Herman,
1844,Ryleigh Henry,
1845,Yael Irwin,
1846,Kyler Woodard,
1847,Noel Sellers,
1848,Paula Holt,
1849,Izayah Chen,
1850,Devan Molina,
1851,Tiffany Robles,
1852,Amina Conrad,
1853,Lauren Church,
1854,Abagail Green,
1855,Alan Carpenter,
1856,Christopher Oliver,
1857,Averie Mooney,
1858,Jeramiah Moses,
1859,Hope Horne,
1860,Shayna Heath,
1861,Alana Dawson,
1862,Peyton Fischer,
1863,Alden Tapia,
1864,Kaley Morrow,
1865,Kamari Galvan,
1866,Katie Bryan,
1867,Abril Zimmerman,
1868,Livia Ewing,
1869,Nicolas Newman,
1870,Darion Sherman,
1871,Madilynn Hayes,
1872,Diya Serrano,
1873,Pablo Hodges,
1874,Dominik Singleton,
1875,Tatiana Hudson,
1876,Ashanti Johnston,
1877,Gordon Bennett,
1878,Ronin Cohen,
1879,Solomon Sanchez,
1880,Reid Cooper,
1881,Mylie George,
1882,Karson Knapp,
1883,Keaton Arroyo,
1884,Chaim Hood,
1885,Zack Rose,
1886,Sandra Maxwell,
1887,Helen Ware,
1888,Maurice Blankenship,
1889,Giana Valencia,
1890,Micah Chaney,
1891,Erin Rivers,
1892,Nikolas Kim,
1893,Anthony Romero,
1894,Reese Caldwell,
1895,Kristina Moses,
1896,Alonso Potter,
1897,McKinley Lam,
1898,Maliyah Patterson,
1899,Phoenix Baldwin,
1900,Jacqueline McGuire,
1901,Mackenzie Dean,
1902,Cameron Ramos,
1903,Raymond Wyatt,
1904,Phillip Little,
1905,Hailee Woodard,
1906,Brenden Reese,
1907,Pedro Martinez,
1908,Jaylan Sheppard,
1909,Jenny Miller,
1910,Micah Sosa,
1911,Mario Mayo,
1912,Macy Rocha,
1913,Darien Lowery,
1914,Allison Harmon,
1915,Genesis Gentry,
1916,Alex Bowen,
1917,Marcus McClain,
1918,Kason Vega,
1919,Moises McFarland,
1920,Scott Adkins,
1921,Landon Santana,
1922,Samson Becker,
1923,Corinne Malone,
1924,Kaylah Pacheco,
1925,Victor Palmer,
1926,Mireya Estrada,
1927,Adyson Pacheco,
1928,Eugene Mann,
1929,Deanna Oliver,
1930,Rory Allison,
1931,Samir Davenport,
1932,Gianni Mays,
1933,Zayden Palmer,
1934,Kaliyah Walker,
1935,Gerald Downs,
1936,Raelynn Montes,
1937,Emelia Burns,
1938,Nathanael Hood,
1939,Cesar Finley,
1940,Madison Spears,
1941,Aliana Nielsen,
1942,Ivan Adkins,
1943,Brooks Blake,
1944,Dereon George,
1945,Kenley Savage,
1946,Fabian Alvarado,
1947,Camryn Chavez,
1948,Itzel Vasquez,
1949,Britney Mills,
1950,Abraham Bradley,
1951,Alanna Richards,
1952,Cristopher Barr,
1953,Madalyn Schwartz,
1954,Makenna Weeks,
1955,Melissa Bowman,
1956,Micah Salazar,
1957,Tyree Garner,
1958,Emmalee Grant,
1959,Selah Andrews,
1960,Roberto Farley,
1961,Brooklynn Stevenson,
1962,Deon Boyle,
1963,Linda Vincent,
1964,Korbin Levine,
1965,Jean Camacho,
1966,Ahmed Francis,
1967,Amy Jensen,
1968,Mario Nelson,
1969,Clark Bolton,
1970,Dale Kelly,
1971,Luka Kaufman,
1972,Zoie Keith,
1973,Beau Friedman,
1974,Kody Knapp,
1975,Lawrence Mitchell,
1976,Kiersten Campos,
1977,Israel Morris,
1978,Jayleen Walker,
1979,Justin Harris,
1980,Nola Harrell,
1981,Sage Lester,
1982,Laylah Clayton,
1983,Chanel Snow,
1984,Stephany Benjamin,
1985,Heath Schmitt,
1986,Kaeden Valdez,
1987,Yesenia Kent,
1988,Audrina McBride,
1989,Aydan Sutton,
1990,Eden Brady,
1991,Miranda Cordova,
1992,Judah Gilmore,
1993,Lukas Montes,
1994,Seth Hahn,
1995,Alison Booker,
1996,Conrad Rich,
1997,Laney Chambers,
1998,Aliya Delgado,
1999,Shelby Waller,
2000,Landin Strickland,
2001,Laci Rowland,
2002,Nikhil Chang,
2003,Ralph Wise,
2004,Orion Grant,
2005,Dana Bailey,
2006,Cameron Kelly,
2007,Destiny Preston,
2008,Prince Davila,
2009,Luka Rich,
2010,David McKnight,
2011,Harold Ingram,
2012,Devyn Montgomery,
2013,Romeo Murphy,
2014,Chandler Valentine,
2015,Elaina Thomas,
2016,Brett Hunter,
2017,Brennen Harrison,
2018,Corbin Horton,
2019,Adrianna Holland,
2020,Blaze Owens,
2021,Esteban Berger,
2022,Nikolas Larson,
2023,Jaylin Summers,
2024,Mayra Good,
2025,Scott Yang,
2026,Hassan Rodgers,
2027,Oswaldo Powers,
2028,Jaycee Santiago,
2029,Lane Potts,
2030,Macie Cole,
2031,Nathaniel King,
2032,Savanah Downs,
2033,Celia Hoover,
2034,Payten Guerrero,
2035,Anne Villanueva,
2036,Tyrell Day,
2037,Bailey Chung,
2038,Morgan York,
2039,Laylah Haney,
2040,Walker House,
2041,Jagger Byrd,
2042,Alonso Fry,
2043,Dean Tyler,
2044,Aaron Li,
2045,Davion Hines,
2046,Clarissa Osborn,
2047,Chaya McKee,
2048,Steve Vega,
2049,Azul Sherman,
2050,Alex Wade,
2051,Brent Meza,
2052,Jayden Hardin,
2053,Cruz Barr,
2054,Mohamed Hull,
2055,Trevor Lucero,
2056,Messiah Harrell,
2057,Abigail Case,
2058,Alissa Boyer,
2059,Pedro Phelps,
2060,Aniyah Chaney,
2061,Julien Ortiz,
2062,Sherlyn Charles,
2063,Charlee Avery,
2064,Nathanael Carroll,
2065,Garrett Valentine,
2066,Hillary Hernandez,
2067,Pierre Hale,
2068,Mohamed Osborne,
2069,Jaden McIntosh,
2070,Anabella Singleton,
2071,Leonidas Hughes,
2072,Justice Sweeney,
2073,Hugo Jefferson,
2074,Amiyah Brandt,
2075,Johnny Meza,
2076,Jeffrey Winters,
2077,Priscilla Cross,
2078,Ashly Bender,
2079,Ryder Pennington,
2080,Alondra Fleming,
2081,Ryann Pennington,
2082,Ethan Franco,
2083,Rodney Cruz,
2084,Jadon Avery,
2085,Graham Chavez,
2086,Alejandra Franklin,
2087,Jamir Hodge,
2088,Erin Huber,
2089,Morgan Perry,
2090,Sloane Jordan,
2091,Alivia Morrow,
2092,Clay Ritter,
2093,Damarion Yoder,
2094,Aracely Briggs,
2095,Kaleb Hudson,
2096,Jaslene Stafford,
2097,Jennifer Navarro,
2098,Sarai Santana,
2099,Riley Nielsen,
2100,Skyler Rocha,
2101,Deandre Lara,
2102,Penelope Black,
2103,Tripp Lindsey,
2104,Dereon Meadows,
2105,Rubi Rios,
2106,Donte Dougherty,
2107,Dennis Werner,
2108,Adriel Armstrong,
2109,Kailyn Kim,
2110,Myah Carlson,
2111,Hallie Cooley,
2112,Kellen Jarvis,
2113,Tess Bowen,
2114,Luna Zhang,
2115,Colt Bright,
2116,Dax Werner,
2117,Greta Sloan,
2118,Efrain Robinson,
2119,Elijah Harper,
2120,Claudia Chaney,
2121,Sloane Barron,
2122,Karley Robertson,
2123,Jacey Mason,
2124,Franklin Lin,
2125,Aubrey Boyd,
2126,Travis Simmons,
2127,Kaylin Rogers,
2128,Kiara Moreno,
2129,Aaliyah Andersen,
2130,Malachi Whitney,
2131,Allison Martin,
2132,Anne Livingston,
2133,Virginia Meza,
2134,Arnav Castaneda,
2135,Sofia Lawrence,
2136,Alfredo Richard,
2137,Jordyn Williamson,
2138,Maribel White,
2139,Crystal McNeil,
2140,Aniya Hines,
2141,Muhammad Shannon,
2142,Emery Cummings,
2143,Lucas McKee,
2144,Gunnar Combs,
2145,Emmett Simmons,
2146,Ashlynn Ho,
2147,Brendon Paul,
2148,Briley Long,
2149,Sidney Perkins,
2150,Ricky Newman,
2151,Leland Rosario,
2152,Rishi Boyd,
2153,Milo Castillo,
2154,Alessandra Richmond,
2155,Kale Sharp,
2156,Luca Tapia,
2157,Bernard Grant,
2158,Holly Summers,
2159,Chana Washington,
2160,Chelsea Vasquez,
2161,Nola Reese,
2162,Giancarlo Summers,
2163,Carolyn Thompson,
2164,Caiden Rivera,
2165,Ayaan Simpson,
2166,Bria Fry,
2167,Adam Blair,
2168,Kiera English,
2169,Santiago Charles,
2170,Crystal Cain,
2171,Alfonso Melton,
2172,Jovanny Everett,
2173,Baylee Lucero,
2174,Miguel Good,
2175,Madalynn Santiago,
2176,Dangelo Tanner,
2177,Brendan Boyer,
2178,Darien Chapman,
2179,Jalen Suarez,
2180,Pedro Boyer,
2181,Malia Hensley,
2182,Lance Wood,
2183,Charles Carney,
2184,Felipe Duarte,
2185,Rubi Schmitt,
2186,Keith Collier,
2187,Izabella Suarez,
2188,Akira Graham,
2189,King Lawrence,
2190,Cristal Aguirre,
2191,Kamryn Harrison,
2192,Jermaine Ford,
2193,Glenn Barron,
2194,Jan Case,
2195,Ahmed Moreno,
2196,Maren Khan,
2197,Jadon Juarez,
2198,Giovani Norman,
2199,Jovan Robles,
2200,Mackenzie Burns,
2201,Joselyn McGuire,
2202,Kole Pittman,
2203,Magdalena Terrell,
2204,Erik Haley,
2205,Allen Henry,
2206,Dahlia Vincent,
2207,Monserrat Shannon,
2208,Nia Levy,
2209,Sebastian McClain,
2210,Cristal Durham,
2211,Matthew Villanueva,
2212,Lacey Beard,
2213,Kingston Zavala,
2214,Eliana George,
2215,Melvin Chan,
2216,Felicity Gilbert,
2217,Ryan Love,
2218,Ramon Jacobs,
2219,Kiersten Atkins,
2220,Gerardo Morales,
2221,Hugh Stephens,
2222,Junior Espinoza,
2223,Will Pugh,
2224,Natasha Kramer,
2225,Makaila Robertson,
2226,Trenton Roth,
2227,Damian Perkins,
2228,Justine Wilkinson,
2229,Luna Green,
2230,Taniyah Goodwin,
2231,Elvis Obrien,
2232,Gaige Day,
2233,Crystal Perry,
2234,Joseph Schneider,
2235,Brady McMillan,
2236,Hanna Bender,
2237,Azul Farley,
2238,Jamir Holland,
2239,Justine Williams,
2240,Grace Ryan,
2241,Harper Huynh,
2242,Jaydin Gordon,
2243,Makaila Coffey,
2244,Maximilian Armstrong,
2245,Kamari Bradford,
2246,Ahmad Mullins,
2247,Ali Huynh,
2248,Jayson Glover,
2249,Tristan Campos,
2250,Rolando McConnell,
2251,Christine Valencia,
2252,Amanda Rush,
2253,Elizabeth Ellis,
2254,Kenny Haley,
2255,Lorelai Carrillo,
2256,Irene Riley,
2257,Keira Kerr,
2258,Ezekiel Welch,
2259,Averi Ellis,
2260,Brooke Romero,
2261,Aditya Huff,
2262,Zechariah Fitzgerald,
2263,Shirley Montes,
2264,Jason Hartman,
2265,Alberto Carney,
2266,Jaydan Robles,
2267,Hamza Haley,
2268,Marco Jacobson,
2269,Reece Freeman,
2270,Shiloh Mathews,
2271,Olivia Warren,
2272,Camilla Miles,
2273,Vivian Whitaker,
2274,Gracelyn Becker,
2275,Maleah McKee,
2276,Ella Mitchell,
2277,Kyson Marquez,
2278,Myles Cantrell,
2279,Juan Flores,
2280,Tobias Gamble,
2281,Kinsley Pitts,
2282,Allie Russell,
2283,Diana Farmer,
2284,Dangelo Miles,
2285,Kolby Finley,
2286,Denise Hicks,
2287,Leyla Adams,
2288,Katrina Lyons,
2289,McKenna McCullough,
2290,Clayton Dawson,
2291,Braxton Aguilar,
2292,Zackary Valencia,
2293,Milagros Merritt,
2294,Seamus Pugh,
2295,Giselle Kline,
2296,Royce Ewing,
2297,Arianna Andersen,
2298,Ariella Hurst,
2299,Carmelo Campbell,
2300,Jimmy Nolan,
2301,Kale Todd,
2302,Duncan Sweeney,
2303,Alana Pace,
2304,Felix Deleon,
2305,Tristin Olsen,
2306,Sonny Harmon,
2307,Pierce Juarez,
2308,Jaxon Andersen,
2309,Tatum Collins,
2310,Jessica Webb,
2311,Shayna Olsen,
2312,Leandro Powell,
2313,Elian Stafford,
2314,Isaias Fernandez,
2315,Adelaide Valentine,
2316,Travis Mathis,
2317,Luciano Hebert,
2318,Johanna Gomez,
2319,Randy Davidson,
2320,Hugo Edwards,
2321,Gilbert David,
2322,Roselyn Preston,
2323,Trent Blevins,
2324,Moises Rivas,
2325,William Villegas,
2326,Rachel Hernandez,
2327,Melody Livingston,
